Filename|question|ground_truths
1cadernos_de_atencao_basica_no_32_atencao_ao_pre_natal_de_baixo_riscopdf.txt|A partir de quando a gestante deve procurar o serviço de saúde para suplementação de ferro?|"""Procurar o serviço de saúde do seu município, a partir da 20ª semana de gestação e até o 3º mês pós-parto, para receber a suplementação de ferro preventiva."""
1cadernos_de_atencao_basica_no_32_atencao_ao_pre_natal_de_baixo_riscopdf.txt|Quais riscos estão associados ao excesso de peso materno?|"""O excesso de peso materno é fator de risco para diabetes gestacional, aumento da pressão arterial e outros problemas circulatórios."""
1cadernos_de_atencao_basica_no_32_atencao_ao_pre_natal_de_baixo_riscopdf.txt|Quais são os parâmetros para considerar a hipertensão arterial na gestação?|"""A observação de níveis tensionais absolutos iguais ou maiores do que 140mmHg de pressão sistólica e iguais ou maiores do que 90mmHg de pressão diastólica..."""
1cadernos_de_atencao_basica_no_32_atencao_ao_pre_natal_de_baixo_riscopdf.txt|Quais as técnicas recomendadas para a palpação do abdome materno?|"""Consiste em um método palpatório do abdome materno em 4 passos (grau de recomendação B)."""
1cadernos_de_atencao_basica_no_32_atencao_ao_pre_natal_de_baixo_riscopdf.txt|Quais são as recomendações para a ausculta dos batimentos cardiofetais?|"""Constatar a cada consulta a presença, o ritmo, a frequência e a normalidade dos batimentos cardíacos fetais (BCF)."""
1cadernos_de_atencao_basica_no_32_atencao_ao_pre_natal_de_baixo_riscopdf.txt|Qual é a conduta recomendada para gestantes com hemoglobina < 8g/dl?|"""Será necessário referir a gestante ao pré-natal de alto risco."""
0cadernos_de_atencao_basica_no_40_estrategias_para_o_cuidado_da_pessoa_com_doenca_cronica_o_cuidado_da_pessoa_tabagistapdf.txt|Quais são os principais componentes de tabaco fumado?|"""Define-se como tabaco fumado o tabaco consumido a partir da sua queima (gerando 'fumaça'). O principal representante deste grupo é o cigarro industrializado, que conta ainda com os cachimbos, charutos, cigarros de palha e narguilé."""
0cadernos_de_atencao_basica_no_40_estrategias_para_o_cuidado_da_pessoa_com_doenca_cronica_o_cuidado_da_pessoa_tabagistapdf.txt|Como a dependência de tabaco é classificada na CID-10?|"""A CID-10 apresenta os transtornos relacionados ao fumo dentro do Capítulo V (F00-F99) – Transtornos Mentais e Comportamentais, sendo classifi cados conforme exposto no Quadro 3."""
0cadernos_de_atencao_basica_no_40_estrategias_para_o_cuidado_da_pessoa_com_doenca_cronica_o_cuidado_da_pessoa_tabagistapdf.txt|O que se entende por longitudinalidade na Atenção Básica?|"""A Longitudinalidade é definida pela existência de uma fonte continuada de atenção, assim como sua utilização ao longo do tempo."""
0cadernos_de_atencao_basica_no_40_estrategias_para_o_cuidado_da_pessoa_com_doenca_cronica_o_cuidado_da_pessoa_tabagistapdf.txt|Qual é o impacto social e econômico do tabagismo no Brasil?|"""O tabaco ainda gera um alto custo social e econômico para o País, somando custos diretos de assistência e indiretos por redução da produtividade com absenteísmo, aposentadoria por invalidez e morte prematura."""
0cadernos_de_atencao_basica_no_40_estrategias_para_o_cuidado_da_pessoa_com_doenca_cronica_o_cuidado_da_pessoa_tabagistapdf.txt|O que a Lei Federal nº 9.294 proporciona em relação ao controle do tabagismo?|"""O cumprimento da Lei Federal nº 9.294, de 15 de julho de 1996, que dispõe sobre o uso de derivados de tabaco em recintos de uso coletivo, estende as medidas de proteção da saúde."""
0cadernos_de_atencao_basica_no_40_estrategias_para_o_cuidado_da_pessoa_com_doenca_cronica_o_cuidado_da_pessoa_tabagistapdf.txt|O que caracteriza o primeiro acesso na Atenção Básica?|"""O Primeiro Acesso – ou Acesso de Primeiro Contato – do indivíduo com o sistema de saúde é, enquanto atributo, descrito como a acessibilidade e a utilização do serviço de saúde como fonte de cuidado."""
2cadernos_de_atencao_basica_no_36_estrategias_para_o_cuidado_da_pessoa_com_doenca_cronica_diabetes_mellituspdf.txt|Qual o benefício do controle metabólico intensivo em pessoas com diabetes tipo 1 no contexto da nefropatia?|"""No entanto, o controle metabólico intensivo (HbA1C <7%) possui benefício melhor estabelecido em pessoas com DM tipo 1, podendo reduzir em torno de 40% a progressão da nefropatia [GRADE A]."""
2cadernos_de_atencao_basica_no_36_estrategias_para_o_cuidado_da_pessoa_com_doenca_cronica_diabetes_mellituspdf.txt|Quais intervenções são mencionadas para a prevenção do desenvolvimento da nefropatia?|"""Outras intervenções incluem a manipulação de componentes da dieta, controle da dislipidemia e recomendação de suspensão do tabagismo."""
2cadernos_de_atencao_basica_no_36_estrategias_para_o_cuidado_da_pessoa_com_doenca_cronica_diabetes_mellituspdf.txt|Qual foi a redução na incidência de neuropatia clínica observada em um estudo com pacientes com diabetes tipo 1?|"""Estudo em pacientes com diabetes tipo 1 mostrou redução de 64% na incidência de neuropatia clínica."""
2cadernos_de_atencao_basica_no_36_estrategias_para_o_cuidado_da_pessoa_com_doenca_cronica_diabetes_mellituspdf.txt|Como a neuropatia autonômica se manifesta cardiovascularmente?|"""É caracterizada pela resposta anormal da frequência cardíaca a diferentes estímulos (respiração profunda, levantar-se do decúbito, manobra de Valsalva)."""
2cadernos_de_atencao_basica_no_36_estrategias_para_o_cuidado_da_pessoa_com_doenca_cronica_diabetes_mellituspdf.txt|Qual é a abordagem para pacientes com neuropatia diabética, em relação ao controle glicêmico?|"""Como visto acima, ótimo controle glicêmico é importante para a prevenção de neuropatia."""
2cadernos_de_atencao_basica_no_36_estrategias_para_o_cuidado_da_pessoa_com_doenca_cronica_diabetes_mellituspdf.txt|Como a depressão se relaciona com o diabetes mellitus?|"""As pessoas com DM são acometidas de depressão com prevalência pelo menos três vezes maior que a verificada na população adulta não diabética."""
2cadernos_de_atencao_basica_no_32_atencao_ao_pre_natal_de_baixo_riscopdf.txt|Qual é o índice de líquido amniótico considerado para diagnosticar oligoidramnia?|"""Consideramos oligoidramnia quando o resultado do índice de líquido amniótico é inferior ou igual a 5,0cm."""
2cadernos_de_atencao_basica_no_32_atencao_ao_pre_natal_de_baixo_riscopdf.txt|Quais patologias estão associadas à polidrâmnia?|"""Associa-se a algumas patologias, destacando-se o diabetes mellitus, as infecções congênitas..."""
2cadernos_de_atencao_basica_no_32_atencao_ao_pre_natal_de_baixo_riscopdf.txt|Qual é a inciência de RPMO em gestações?|"""Apresenta incidência entre 3% e 18%, com média de 10% e recorrência de 21%."""
2cadernos_de_atencao_basica_no_32_atencao_ao_pre_natal_de_baixo_riscopdf.txt|O que é necessário evitar em caso de RPMO diagnosticada?|"""Os casos suspeitos ou confirmados de RPMO não devem ser submetidos ao exame de toque vaginal..."""
2cadernos_de_atencao_basica_no_32_atencao_ao_pre_natal_de_baixo_riscopdf.txt|O que caracteriza a pré-eclâmpsia?|"""Pré-eclâmpsia: aparecimento de hipertensão e proteinúria (300mg ou mais de proteína em urina de 24h)..."""
2cadernos_de_atencao_basica_no_32_atencao_ao_pre_natal_de_baixo_riscopdf.txt|Como a diabetes mellitus gestacional (DMG) é definida?|"""A diabetes mellitus gestacional (DMG) é definida como uma alteração no metabolismo dos carboidratos..."""
3cadernos_de_atencao_basica_no_40_estrategias_para_o_cuidado_da_pessoa_com_doenca_cronica_o_cuidado_da_pessoa_tabagistapdf.txt|"Como é definida a ""abstinência definitiva"" em relação ao uso do tabaco?"|"""Abstinência definitiva (ou contínua). Suspensão definitiva de uso de determinada substância (neste material, especificamente relacionada à nicotina). Não existe um consenso quanto ao ponto de corte para a definição de abstinência definitiva do tabaco, que pode variar do período de cinco meses em alguns estudos até o período de 12 meses, critério do DSM-V, sempre contado a partir da data de parada ('Dia D')."""
3cadernos_de_atencao_basica_no_40_estrategias_para_o_cuidado_da_pessoa_com_doenca_cronica_o_cuidado_da_pessoa_tabagistapdf.txt|"O que são ""anos de vida ajustados por qualidade""?"|"""Anos de vida ajustados por qualidade ('Quality Adjusted Life Year' ou QALY). Medida que avalia anos de vida ajustados pela qualidade de vida, usada para quantificar os benefícios de uma intervenção sanitária."""
3cadernos_de_atencao_basica_no_40_estrategias_para_o_cuidado_da_pessoa_com_doenca_cronica_o_cuidado_da_pessoa_tabagistapdf.txt|"O que é uma ""entrevista motivacional"" conforme descrito no texto?"|"""Entrevista motivacional. Técnica de entrevista projetada para aumentar a motivação da pessoa para o engajamento em uma determinada ação, como adesão a tratamentos e mudanças comportamentais (neste material, referente à motivação para o fumante deixar de fumar)."""
3cadernos_de_atencao_basica_no_40_estrategias_para_o_cuidado_da_pessoa_com_doenca_cronica_o_cuidado_da_pessoa_tabagistapdf.txt|"Como é definida a ""eficácia"" em tratamentos de cessação do tabagismo?"|"""Eficácia. Resultado obtido com um determinado tratamento fornecido em condições quase ideais de controle, tipicamente um ambiente definido de pesquisa."""
3cadernos_de_atencao_basica_no_40_estrategias_para_o_cuidado_da_pessoa_com_doenca_cronica_o_cuidado_da_pessoa_tabagistapdf.txt|"Qual é a definição de ""comorbidade"" em relação ao tabagismo?"|"""Comorbidade. Coexistência de duas ou mais doenças em um mesmo indivíduo. O tabagismo é considerado equivalente a uma doença crônica."""
3cadernos_de_atencao_basica_no_40_estrategias_para_o_cuidado_da_pessoa_com_doenca_cronica_o_cuidado_da_pessoa_tabagistapdf.txt|"O que são ""cursos de tratamento"" e qual é o seu propósito?"|"""Os cursos de tratamento são períodos de acompanhamento e avaliação contínua dos esforços do paciente para deixar de fumar, reforçando os progressos."""
0caderno_34.txt|De que forma a saúde mental é relacionada à saúde geral segundo o texto?|"""entendemos que a saúde mental não está dissociada da saúde geral."""
0caderno_34.txt|Quais são os princípios orientadores da Atenção Básica mencionados no texto?|"""Orientam-se pelos princípios da universalidade, da acessibilidade, do vínculo, da continuidade do cuidado, da integralidade da atenção, da responsabilização, da humanização, da equidade e da participação social."""
0caderno_34.txt|O que é um Projeto Terapêutico Singular?|"""Um projeto terapêutico é um plano de ação compartilhado composto por um conjunto de intervenções que seguem uma intencionalidade de cuidado integral à pessoa."""
0caderno_34.txt|Como a equipe de saúde deve abordar usuários em situação de sofrimento psíquico?|"""o profissional se dispôs e soube se colocar como este interlocutor."""
0caderno_34.txt|"Quais foram as diretrizes dos projetos terapêuticos elaborados para os moradores da ""casa dos 20""?"|"""os projetos terapêuticos foram elaborados e executados com as seguintes diretrizes..."""
0caderno_34.txt|Qual é a relação entre o território e o cuidado em saúde mental?|"""O território é um componente fundamental na organização dos serviços da Atenção Básica, pois é a partir deles que se estabelecem limites geográficos."""
3cadernos_de_atencao_basica_no_33_saude_da_crianca_crescimento_e_desenvolvimentopdf.txt|Quais são algumas maneiras em que a violência física, emocional ou psicológica pode se expressar?|"""Este tipo de violência pode se expressar de várias maneiras: com implicância, colocação de apelidos, exclusão do grupo, intimidação, assédio, humilhação, difamação, agressão física etc."""
3cadernos_de_atencao_basica_no_33_saude_da_crianca_crescimento_e_desenvolvimentopdf.txt|O que caracteriza a suspeita de violência ou maus-tratos em crianças?|"""A suspeita de violência, também conhecida como maus-tratos, surge, em geral, no momento em que se procede à anamnese ou ao exame físico da criança."""
3cadernos_de_atencao_basica_no_33_saude_da_crianca_crescimento_e_desenvolvimentopdf.txt|O que deve ser feito se houver retardo na busca de auxílio médico para uma criança com suspeita de violência?|"""Houve retardo na busca de auxílio? É inexplicável o atraso entre o 'acidente' e a procura de tratamento médico?"""
3cadernos_de_atencao_basica_no_33_saude_da_crianca_crescimento_e_desenvolvimentopdf.txt|O que a equipe de saúde deve fazer ao identificar uma possível situação de violência em uma criança?|"""A comunicação dos casos suspeitos e confirmados à autoridade competente (Conselho Tutelar ou Vara da Infância e da Juventude) é obrigatória e de responsabilidade do profissional de saúde..."""
3cadernos_de_atencao_basica_no_33_saude_da_crianca_crescimento_e_desenvolvimentopdf.txt|Quais são os principais objetivos ao se trabalhar com famílias para a prevenção da violência contra crianças|"""Promover saúde é trabalhar pelo menos com duas chances."""
3cadernos_de_atencao_basica_no_33_saude_da_crianca_crescimento_e_desenvolvimentopdf.txt|Quais são os possíveis fatores que aumentam a vulnerabilidade da criança à violência nas relações familiares?|"""Pais com baixa autoestima, controle deficiente de impulsos, problemas de saúde mental, comportamentos antissociais."""
2cadernos_de_atencao_basica_no_40_estrategias_para_o_cuidado_da_pessoa_com_doenca_cronica_o_cuidado_da_pessoa_tabagistapdf.txt|Como o consumo de álcool se relaciona com o tabagismo entre os usuários de álcool?|"""Tabagistas consomem mais álcool em relação aos não tabagistas."""
2cadernos_de_atencao_basica_no_40_estrategias_para_o_cuidado_da_pessoa_com_doenca_cronica_o_cuidado_da_pessoa_tabagistapdf.txt|Como está relacionado o consumo de álcool e a intensidade do consumo de cigarro entre tabagistas?|"""Quanto mais intenso o consumo de álcool, maior o consumo de cigarro."""
2cadernos_de_atencao_basica_no_40_estrategias_para_o_cuidado_da_pessoa_com_doenca_cronica_o_cuidado_da_pessoa_tabagistapdf.txt|Quais são algumas situações difíceis que um indivíduo pode enfrentar ao tentar cessar o tabagismo?|"""Durante o processo de cessação de tabagismo, o indivíduo pode se deparar com diferentes situações difíceis, que podem ser inéditas ou já vivenciadas anteriormente."""
2cadernos_de_atencao_basica_no_40_estrategias_para_o_cuidado_da_pessoa_com_doenca_cronica_o_cuidado_da_pessoa_tabagistapdf.txt|Como o contexto de um lapso deve ser avaliado?|"""Ambos, quando ocorrem, devem ser avaliados em que contexto ocorreram, para que o fumante se dê conta de como e por quê aconteceu."""
2cadernos_de_atencao_basica_no_40_estrategias_para_o_cuidado_da_pessoa_com_doenca_cronica_o_cuidado_da_pessoa_tabagistapdf.txt|O que ocorre no organismo fumante com o uso do tabaco?|"""A distribuição ocorre em todo organismo, com formação de metabólitos nocivos para múltiplos órgãos."""
2cadernos_de_atencao_basica_no_40_estrategias_para_o_cuidado_da_pessoa_com_doenca_cronica_o_cuidado_da_pessoa_tabagistapdf.txt|Qual a importância do tabagismo no tratamento do diabetes mellitus?|"""O tabagismo é o mais importante fator de risco cardiovascular em pessoas com diabetes mellitus."""
3cadernos_de_atencao_basica_no_38_estrategias_para_cuidado_da_pessoa_com_doenca_obesidadepdf.txt|Quais são os benefícios da prática de atividade física além da perda de peso?|"""Além disso, ajuda a relaxar, a melhorar o humor, a disposição para as atividades diárias e a socialização."""
3cadernos_de_atencao_basica_no_38_estrategias_para_cuidado_da_pessoa_com_doenca_obesidadepdf.txt|O que é considerado um prontuário e qual sua função?|"""O prontuário é um documento legal destinado ao registro dos cuidados prestados por toda a equipe de Saúde."""
3cadernos_de_atencao_basica_no_38_estrategias_para_cuidado_da_pessoa_com_doenca_obesidadepdf.txt|O que deve ser negociado amplamente durante o acompanhamento do usuário?|"""Faz-se necessário que o plano alimentar seja amplamente negociado a todo o momento."""
3cadernos_de_atencao_basica_no_38_estrategias_para_cuidado_da_pessoa_com_doenca_obesidadepdf.txt|De acordo com o texto, quais podem ser algumas complicações da cirurgia bariátrica?|"""São algumas das complicações: seromas, infecções cutâneas, atelectesia pulmonar, infecção urinária."""
3cadernos_de_atencao_basica_no_38_estrategias_para_cuidado_da_pessoa_com_doenca_obesidadepdf.txt|O que caracteriza a bulimia nervosa segundo o texto?|"""Caracterizada por grande e rápida ingestão de alimentos com sensação de perda do controle (episódios bulímicos)..."""
3cadernos_de_atencao_basica_no_38_estrategias_para_cuidado_da_pessoa_com_doenca_obesidadepdf.txt|Como o texto descreve a relação entre a sociedade atual e os transtornos alimentares?|"""A preocupação da sociedade atual pela perda e controle de peso leva à busca de dietas por meio dos diversos meios de comunicação."""
2cadernos_de_atencao_basica_no_35_estrategias_para_o_cuidado_da_pessoa_com_doenca_cronicapdf.txt|Quais condições cardíacas podem necessitar de avaliações mais precisas através de teste ergométrico?|"""Indivíduos com cardiopatias como angina de esforço, insuficiência cardíaca, entre outras, podem necessitar de avaliações mais precisas, que requerem a realização de teste ergométrico."""
2cadernos_de_atencao_basica_no_35_estrategias_para_o_cuidado_da_pessoa_com_doenca_cronicapdf.txt|Por que o ganho de força é importante para a autonomia dos indivíduos, especialmente em idosos?|"""Esse componente é importante para a saúde quando se considera a capacidade de autonomia dos indivíduos, principalmente em idosos."""
2cadernos_de_atencao_basica_no_35_estrategias_para_o_cuidado_da_pessoa_com_doenca_cronicapdf.txt|Quais os efeitos da diminuição da flexibilidade nas atividades cotidianas?|"""a diminuição da flexibilidade de algumas articulações prejudica a postura e pode trazer dores, além de diminuir a autonomia do indivíduo para realizar atividades cotidianas."""
2cadernos_de_atencao_basica_no_35_estrategias_para_o_cuidado_da_pessoa_com_doenca_cronicapdf.txt|Quais são as recomendações gerais sobre atividades físicas para crianças de 5 a 17 anos?|"""Para população de 5 a 17 anos, aconselha-se que correspondam a atividades de lazer, esporte, transporte ou atividades escolares, perfazendo pelo menos 60 minutos de atividade física de intensidade moderada a vigorosa diariamente."""
2cadernos_de_atencao_basica_no_35_estrategias_para_o_cuidado_da_pessoa_com_doenca_cronicapdf.txt|Quais são as principais terapias utilizadas na Medicina Tradicional Chinesa?|"""como principais recursos terapêuticos, utiliza acupuntura, auriculoterapia, eletroacupuntura, moxaterapia, ventosaterapia, plantas medicinais, dietoterapia, práticas corporais e mentais da MTC."""
2cadernos_de_atencao_basica_no_35_estrategias_para_o_cuidado_da_pessoa_com_doenca_cronicapdf.txt|O que a Política Nacional de Práticas Integrativas e Complementares (PNPIC) estabelece?|"""Essa política estabelece diretrizes para o desenvolvimento de ações para garantir o acesso seguro e o uso racional de plantas medicinais e de fitoterápicos."""
2cadernos_de_atencao_basica_no_38_estrategias_para_cuidado_da_pessoa_com_doenca_obesidadepdf.txt|Por que o uso de edulcorantes em gestantes e crianças é controverso?|"""O largo consumo de edulcorantes artificiais e naturais nas diferentes fases do curso de vida tem provocado controvérsia, principalmente o uso em gestantes e crianças."""
2cadernos_de_atencao_basica_no_38_estrategias_para_cuidado_da_pessoa_com_doenca_obesidadepdf.txt|Como se define a magnificação no contexto do pensamento disfuncional?|"""Os estímulos são acrescidos de significados que não são confirmados por uma análise objetiva."""
2cadernos_de_atencao_basica_no_38_estrategias_para_cuidado_da_pessoa_com_doenca_obesidadepdf.txt|Como a técnica de autorregistro pode ser utilizada no manejo nutricional?|"""A técnica de autorregistro servirá para identificar os alimentos e o contexto em que ele se torna um facilitador do comer compulsivo."""
2cadernos_de_atencao_basica_no_38_estrategias_para_cuidado_da_pessoa_com_doenca_obesidadepdf.txt|O que pode indicar um padrão que se repete por gerações em relação à obesidade?|"""Se existe algum padrão, tanto no aparecimento da obesidade quanto na forma de relacionar-se com quem tem obesidade, que se repete por gerações."""
2cadernos_de_atencao_basica_no_38_estrategias_para_cuidado_da_pessoa_com_doenca_obesidadepdf.txt|O que a mudança no tempo disponível para o preparo de alimentos pode levar a?|"""O que, em alguns casos, leva ao consumo de refeições com alimentos menos variados, pré-processados e/ou prontos, por parte de toda a família."""
2cadernos_de_atencao_basica_no_38_estrategias_para_cuidado_da_pessoa_com_doenca_obesidadepdf.txt|Quais as ações que devem ser implementadas nas escolas para prevenção da obesidade?|"""A regulamentação da publicidade de alimentos ricos em açúcar, gorduras saturadas e trans e sódio; ações educativas nas escolas."""
1cadernos_de_atencao_basica_no_35_estrategias_para_o_cuidado_da_pessoa_com_doenca_cronicapdf.txt|O que é necessário para identificar o problema na gestão de caso?|"""A seleção do caso é seguida da identificação do(s) problema(s) e, para tal, é necessário recolher o máximo de informações sobre a pessoa que será o sujeito da gestão de caso."""
1cadernos_de_atencao_basica_no_35_estrategias_para_o_cuidado_da_pessoa_com_doenca_cronicapdf.txt|O que se espera com o plano de cuidados em relação à saúde e recursos?|"""Espera-se uma melhor qualidade da Atenção à Saúde, o uso eficiente dos recursos e o máximo possível de autonomia e independência às pessoas."""
1cadernos_de_atencao_basica_no_35_estrategias_para_o_cuidado_da_pessoa_com_doenca_cronicapdf.txt|Quais são as diversas formas de monitoramento do plano de cuidado?|"""O monitoramento pode ser presencial, por telefone ou por correio eletrônico."""
1cadernos_de_atencao_basica_no_35_estrategias_para_o_cuidado_da_pessoa_com_doenca_cronicapdf.txt|Qual é a condição do sr. João Adamastor, conforme indicado no exemplo de gestão de caso?|"""O sr. João Adamastor, 75 anos, é viúvo, apresenta hipertensão arterial de difícil controle, tem dificuldade de deambular devido à gonartrose bilateral..."""
1cadernos_de_atencao_basica_no_35_estrategias_para_o_cuidado_da_pessoa_com_doenca_cronicapdf.txt|O que se deve definir para atender as necessidades do sr. João?|"""Elaborar a lista de problemas/necessidades e expectativas do sr. João e da família."""
1cadernos_de_atencao_basica_no_35_estrategias_para_o_cuidado_da_pessoa_com_doenca_cronicapdf.txt|Quais são os principais fatores de risco comuns às doenças crônicas?|"""...os quatro grupos de doenças crônicas de maior impacto mundial (doenças do aparelho circulatório, diabetes, cânceres e doenças respiratórias) possuem quatro fatores de risco em comum: tabagismo, inatividade física, alimentação não saudável e consumo excessivo de álcool."""
0cadernos_de_atencao_basica_no_13_canceres_do_colo_do_utero_e_da_mamapdf.txt|Quais são os principais cânceres abordados neste documento e sua justificação para o controle?|"""Os elevados índices de incidência e mortalidade por câncer do colo do útero e da mama no Brasil justificam a implantação de estratégias efetivas de controle dessas doenças que incluam ações de promoção à saúde, prevenção e detecção precoce, tratamento e de cuidados paliativos, quando esses se fizerem necessários."""
0cadernos_de_atencao_basica_no_13_canceres_do_colo_do_utero_e_da_mamapdf.txt|Qual é a magnitude do câncer de mama no contexto mundial, de acordo com os dados de 2008?|"""Segundo a Organização Mundial da Saúde, em 2008, ocorreram 1.384.155 casos novos de câncer da mama em todo o mundo, o que torna o tipo de câncer mais comum entre as mulheres."""
0cadernos_de_atencao_basica_no_13_canceres_do_colo_do_utero_e_da_mamapdf.txt|Qual o papel da Atenção Básica nos cuidados paliativos para pacientes com câncer?|"""O tratamento paliativo não se resume ao doente terminal, acamado, mas envolve graus variados de acometimento orgânico e qualidade de vida."""
0cadernos_de_atencao_basica_no_13_canceres_do_colo_do_utero_e_da_mamapdf.txt|O que deve incluir o acolhimento nas práticas de saúde?|"""O acolhimento não é um espaço ou um local, mas uma postura ética, não pressupõe hora ou um profissional específico para fazê-lo."""
0cadernos_de_atencao_basica_no_13_canceres_do_colo_do_utero_e_da_mamapdf.txt|O que é a Linha de Cuidado no contexto do câncer do colo do útero?|"""A Linha de Cuidado do Câncer do Colo do Útero tem a finalidade de assegurar à mulher o acesso humanizado e integral às ações e aos serviços qualificados para promover a prevenção do câncer do colo do útero."""
0cadernos_de_atencao_basica_no_13_canceres_do_colo_do_utero_e_da_mamapdf.txt|Qual a necessidade da estruturação de um sistema de informação para o câncer?|"""Para o aprimoramento dos programas de rastreamento e diagnóstico precoce é fundamental a estruturação de um sistema de informação que possibilite o diálogo entre os diversos serviços."""
3cadernos_de_atencao_basica_no_32_atencao_ao_pre_natal_de_baixo_riscopdf.txt|Qual é a eficiência da gota espessa em comparação ao esfregaço delgado para a detecção da infecção malárica?|"""estima-se que a gota espessa seja 30 vezes mais eficiente do que o esfregaço delgado para a detecção da infecção malárica."""
3cadernos_de_atencao_basica_no_32_atencao_ao_pre_natal_de_baixo_riscopdf.txt|Quais sintomas podem ser encontrados em gestantes que apresentam infecção urinária e malária na mesma época?|"""inclusive aquelas gestantes com quadro clínico sugestivo de infecção urinária, uma vez que as duas doenças podem apresentar quadros clínicos similares."""
3cadernos_de_atencao_basica_no_32_atencao_ao_pre_natal_de_baixo_riscopdf.txt|Quais são algumas complicações da malária grave listadas no texto?|"""Malária cerebral, anemia grave, insuficiência renal aguda, edema pulmonar, hipoglicemia grave, choque, coagulação intravascular disseminada (CIVD)."""
3cadernos_de_atencao_basica_no_32_atencao_ao_pre_natal_de_baixo_riscopdf.txt|Qual é o regime de quimioprofilaxia recomendado após recaídas de malária em gestantes?|"""cloroquina e, em seguida, iniciar o esquema de cloroquina semanal profilática, durante 12 semanas, para a prevenção de novas recaídas."""
3cadernos_de_atencao_basica_no_32_atencao_ao_pre_natal_de_baixo_riscopdf.txt|O tratamento de infecções por parasitas intestinais deve ser realizado em gestantes sempre?|"""Pacientes com parasitos intestinais só devem ser tratados na gravidez quando o quadro clínico é exuberante ou as infecções são maciças."""
3cadernos_de_atencao_basica_no_32_atencao_ao_pre_natal_de_baixo_riscopdf.txt|O que as gestantes com epilepsia devem fazer em casos de aumento de frequência das crises?|"""No entanto, as crises generalizadas tônico-clônicas podem ocasionar acidentes graves e, potencialmente, podem acarretar hipóxia materna e fetal."""
1cadernos_de_atencao_basica_no_29_rastreamentopdf.txt|Como o Instituto Nacional de Câncer (INCA) busca garantir o controle de qualidade nos exames de mamografia?|"""Nesse sentido, o Instituto Nacional de Câncer (INCA) está desenvolvendo um programa de qualidade e padronização dos laudos de mamografia e credenciando os serviços de diagnose."""
1cadernos_de_atencao_basica_no_29_rastreamentopdf.txt|O que define viés em estudos clínicos?|"""Define-se viés como qualquer tendência na coleta, análise, interpretação, publicação ou revisão de dados que pode levar a conclusões que sejam sistematicamente diferentes da verdade."""
1cadernos_de_atencao_basica_no_29_rastreamentopdf.txt|O que é o viés do sobrediagnóstico e qual é seu impacto?|"""Viés do sobrediagnóstico: Os estudos observacionais podem levar a conclusões totalmente enganosas, pois são afetados tanto pelo viés de tempo de duração como pelo viés do sobrediagnóstico."""
1cadernos_de_atencao_basica_no_29_rastreamentopdf.txt|Como os resultados dos ensaios clínicos são frequentemente apresentados?|"""Geralmente, os benefícios do programa de rastreamento são medidos da seguinte forma: Risco relativo e redução do risco relativo; Ganho na expectativa de vida; Custo por caso detectado; Custo por vida salva; Ganho em qualidade, ajustado aos anos de vida (QALYs); Número necessário para rastrear (NNR)."""
1cadernos_de_atencao_basica_no_29_rastreamentopdf.txt|O que são meta-análises e qual é sua finalidade?|"""Meta-análises: metodologia na qual os resultados de um número de estudos que abordam a mesma questão e empregam métodos similares são combinados para aumentar a força estatística."""
1cadernos_de_atencao_basica_no_29_rastreamentopdf.txt|Quando se recomenda o rastreamento de desordens lipídicas em homens?|"""Está recomendado fortemente o rastreamento das desordens lipídicas em homens com 35 anos ou mais."""
0cadernos_de_atencao_basica_no_33_saude_da_crianca_crescimento_e_desenvolvimentopdf.txt|O que representa a Rede Cegonha?|"""a Rede Cegonha será implementada em parceria com estados e municípios, gradativamente, em todo o território nacional."""
0cadernos_de_atencao_basica_no_33_saude_da_crianca_crescimento_e_desenvolvimentopdf.txt|Como o Caderno de Atenção Básica busca contribuir para o cuidado das crianças?|"""Este Caderno de Atenção Básica está inserido nesta proposta como uma das ofertas que objetivam apoiar as equipes de atenção básica no processo de qualificação do cuidado"""
0cadernos_de_atencao_basica_no_33_saude_da_crianca_crescimento_e_desenvolvimentopdf.txt|Que condições devem ser avaliadas na anamnese do recém-nascido?|"""procura-se avaliar principalmente as condições do nascimento da criança (tipo de parto, local do parto, peso ao nascer, idade gestacional, índice de Apgar, intercorrências clínicas na gestação, no parto, no período neonatal e nos tratamentos realizados)."""
0cadernos_de_atencao_basica_no_33_saude_da_crianca_crescimento_e_desenvolvimentopdf.txt|Por que é importante a realização do teste do pezinho no recém-nascido?|"""O teste do pezinho, feito na criança logo após o seu nascimento, permite a detecção da fenilcetonúria e do hipotireoidismo congênito."""
0cadernos_de_atencao_basica_no_33_saude_da_crianca_crescimento_e_desenvolvimentopdf.txt|Quais aspectos são considerados na abordagem da saúde da criança com a equipe de saúde?|"""que podem oferecer suporte à família, destacando-se os próprios membros familiares, como avós, tios, primos e também amigos."""
0cadernos_de_atencao_basica_no_33_saude_da_crianca_crescimento_e_desenvolvimentopdf.txt|Quais são as evidências sobre a realização de visitas domiciliares em relação à saúde infantil?|"""Entre os benefícios, salientam-se os seguintes: Desenvolvimento da parentalidade; Melhoria de alguns problemas de comportamento da criança."""
2cadernos_de_atencao_basica_no_23_saude_da_crianca_aleitamento_materno_e_alimentacao_complementarpdf.txt|Quais alimentos devem ser introduzidos a partir dos seis meses de idade?|"""A partir de seis meses, recomenda-se a introdução de alimentos complementares."""
2cadernos_de_atencao_basica_no_23_saude_da_crianca_aleitamento_materno_e_alimentacao_complementarpdf.txt|Qual deve ser a atitude dos profissionais de saúde em relação às famílias durante a introdução de alimentos complementares?|"""O profissional de saúde deve ser hábil em reconhecer novas formas de organização familiar e ouvir, demonstrar interesse e orientar todos os cuidadores da criança."""
2cadernos_de_atencao_basica_no_23_saude_da_crianca_aleitamento_materno_e_alimentacao_complementarpdf.txt|Quais são as consequências da desnutrição em crianças conforme o texto aponta?|"""Essas crianças possuem maior probabilidade de baixo rendimento escolar, o que provavelmente contribuirá para a transmissão intergeracional da pobreza."""
2cadernos_de_atencao_basica_no_23_saude_da_crianca_aleitamento_materno_e_alimentacao_complementarpdf.txt|Como as crianças devem ser incentivadas a experimentar novos alimentos?|"""Em média são necessárias de oito a dez exposições a um novo alimento para que ele seja aceito pela criança."""
2cadernos_de_atencao_basica_no_23_saude_da_crianca_aleitamento_materno_e_alimentacao_complementarpdf.txt|Como os profissionais de saúde podem promover a alimentação saudável nas crianças?|"""O profissional de saúde torna-se promotor da alimentação saudável quando consegue traduzir, para a comunidade que assiste, os conceitos técnicos de forma prática."""
2cadernos_de_atencao_basica_no_23_saude_da_crianca_aleitamento_materno_e_alimentacao_complementarpdf.txt|O que se deve evitar na alimentação das crianças de acordo com o texto?|"""Alimentos com grandes quantidades de açúcar, gordura e corantes devem ser evitados especialmente nos primeiros anos de vida."""
3cadernos_de_atencao_basica_no_29_rastreamentopdf.txt|Por que a faixa etária de 25 a 59 anos é considerada a de maior ocorrência para lesões pré-malignas?|“Essa faixa etária é justificada por ser a de maior ocorrência das lesões pré-malignas de alto grau, passíveis de serem efetivamente tratadas e não evoluírem para câncer.”
3cadernos_de_atencao_basica_no_29_rastreamentopdf.txt|Por que a repetição do exame de Papanicolau antes do intervalo proposto é problemática?|“mais da metade é repetição desnecessária, ou seja, realizados antes do intervalo proposto, diminuindo a efetividade do programa.”
3cadernos_de_atencao_basica_no_29_rastreamentopdf.txt|O que a recomendação sugere para mulheres entre 50 e 74 anos em relação ao câncer de mama?|“Recomenda-se o rastreamento de câncer de mama bianual por meio de mamografia para mulheres entre 50 e 74 anos.”
3cadernos_de_atencao_basica_no_29_rastreamentopdf.txt|Para qual grupo se recomenda a pesquisa de sangue oculto nas fezes em relação ao câncer colorretal?|“Recomenda-se o rastreamento para o câncer de cólon e reto usando pesquisa de sangue oculto nas fezes, colonoscopia ou signoidoscopia, em adultos entre 50 e 75 anos.”
3cadernos_de_atencao_basica_no_29_rastreamentopdf.txt|O câncer de mama tem um prognóstico favorável em qual estágio?|“O câncer de mama, quando identificado em estádios iniciais (lesões menores que 2 cm de diâmetro), apresenta prognóstico mais favorável e a cura pode chegar a 100%.”
3cadernos_de_atencao_basica_no_29_rastreamentopdf.txt|O que deve ser feito com sinais de alerta relacionados ao câncer de pele?|“É importante que a população seja orientada a ficar atenta aos sinais de alerta.”
1cadernos_de_atencao_basica_no_37_estrategias_para_cuidado_da_pessoa_com_doenca_cronica_hipertensao_arterial_sistemicapdf.txt|Com que frequência as pessoas normotensas devem aferir a pressão arterial?|"""As pessoas que apresentarem PA entre 130/85mmHg são consideradas normotensas e deverão realizar a aferição anualmente."""
1cadernos_de_atencao_basica_no_37_estrategias_para_cuidado_da_pessoa_com_doenca_cronica_hipertensao_arterial_sistemicapdf.txt|Qual é a definição de hipertensão arterial sistêmica (HAS)?|"""Se a média das três medidas forem iguais ou maiores a 140/90mmHg, está confirmado o diagnóstico de HAS."""
1cadernos_de_atencao_basica_no_37_estrategias_para_cuidado_da_pessoa_com_doenca_cronica_hipertensao_arterial_sistemicapdf.txt|Como a consulta de enfermagem deve ser abordada para os indivíduos com PA limítrofe?|"""Consultas individuais ou coletivas para incentivar a MEV para adoção de hábitos saudáveis são recomendadas na prevenção primária da HAS, notadamente nos indivíduos com PA limítrofe."""
1cadernos_de_atencao_basica_no_37_estrategias_para_cuidado_da_pessoa_com_doenca_cronica_hipertensao_arterial_sistemicapdf.txt|Como é feito o acompanhamento de um paciente com hipertensão arterial sistêmica?|"""A consulta de enfermagem para o acompanhamento da pessoa com diagnóstico de HAS pode ser realizada por meio da aplicação da Sistematização da Assistência de Enfermagem (SAE)."""
1cadernos_de_atencao_basica_no_37_estrategias_para_cuidado_da_pessoa_com_doenca_cronica_hipertensao_arterial_sistemicapdf.txt|O que a consulta médica inicial para pessoas com HAS deve avaliar?|"""O objetivo inclui identificar outros fatores de risco para DCV, avaliar a presença de lesões em órgãos-alvo (LOA) e considerar a hipótese de hipertensão secundária ou outra situação clínica para encaminhamento à consulta em outro nível de atenção."""
1cadernos_de_atencao_basica_no_37_estrategias_para_cuidado_da_pessoa_com_doenca_cronica_hipertensao_arterial_sistemicapdf.txt|Qual é o impacto do consumo de álcool na hipertensão?|"""O álcool é fator de risco reconhecido para hipertensão arterial e pode dificultar o controle da doença instalada."""
0cadernos_de_atencao_basica_no_29_rastreamentopdf.txt|O que envolve o cuidado integral mencionado no texto?|"""... envolve a promoção da saúde, a redução de risco ou manutenção de baixo risco, a detecção precoce e o rastreamento de doenças, assim como o tratamento e a reabilitação."""
0cadernos_de_atencao_basica_no_29_rastreamentopdf.txt|O que o texto menciona sobre o processo de medicalização social?|"""Outro motivo que torna o tema do rastreamento e da detecção precoce importante é o processo de medicalização social intenso que pode gerar intervenções diagnósticas e terapêuticas excessivas..."""
0cadernos_de_atencao_basica_no_29_rastreamentopdf.txt|O que se define como prevenção secundária segundo o texto?|"""Prevenção secundária é a ação realizada para detectar um problema de saúde em estágio inicial..."""
0cadernos_de_atencao_basica_no_29_rastreamentopdf.txt|Quais são exemplos de medidas preventivas incluídas na abordagem populacional?|"""... exemplos disso são a imunização, o uso de cinto de segurança e a orientação para mudança nos vários estilos de vida."""
0cadernos_de_atencao_basica_no_29_rastreamentopdf.txt|O que distingue um programa de rastreamento organizado do oportunístico?|"""Os programas de rastreamento organizados são aqueles nos quais se detém maior controle das ações e informações..."""
0cadernos_de_atencao_basica_no_29_rastreamentopdf.txt|Qual é a diferença entre rastreamento e diagnóstico de doenças?|"""Deve haver uma clara distinção entre rastreamento e diagnóstico de doenças."""
3cadernos_de_atencao_basica_no_35_estrategias_para_o_cuidado_da_pessoa_com_doenca_cronicapdf.txt|Qual a importância de estabelecer uma prioridade a ser trabalhada no acompanhamento de um paciente?|"""Identificar uma prioridade a ser trabalhada: diante de uma lista grande de problemas, é fundamental priorizar um a ser trabalhado."""
3cadernos_de_atencao_basica_no_35_estrategias_para_o_cuidado_da_pessoa_com_doenca_cronicapdf.txt|Quais os três pilares do autocuidado mencionados no texto?|"""o conceito e a prática do autocuidado são sustentados por três pilares ou grupos de problemas que se entrelaçam entre si. São eles problemas de manejo clínico, mudanças necessárias de estilo de vida e problemas emocionais."""
3cadernos_de_atencao_basica_no_35_estrategias_para_o_cuidado_da_pessoa_com_doenca_cronicapdf.txt|De acordo com o texto, qual abordagem deve ser adotada para incentivar a autonomia do paciente?|"""Empowerment approach: traduzido para o português como empoderamento, refere-se à abordagem no autocuidado que prioriza a escuta do outro..."""
3cadernos_de_atencao_basica_no_35_estrategias_para_o_cuidado_da_pessoa_com_doenca_cronicapdf.txt|Como os educadores devem instruir os grupos de autocuidado, segundo o texto?|"""Os grupos orientados na educação para o autocuidado são os que trazem melhores resultados."""
3cadernos_de_atencao_basica_no_35_estrategias_para_o_cuidado_da_pessoa_com_doenca_cronicapdf.txt|Quais são os efeitos positivos do empoderamento na educação para o autocuidado?|"""Os processos educativos para o autocuidado sustentados no empoderamento fundamentam-se metodologicamente a partir da realidade, sentimentos e práticas do usuário."""
3cadernos_de_atencao_basica_no_35_estrategias_para_o_cuidado_da_pessoa_com_doenca_cronicapdf.txt|O que o método clínico centrado na pessoa enfatiza em sua abordagem?|"""O Método Clínico Centrado na Pessoa (MCCP) é uma ferramenta clínica que utiliza uma metodologia compreensiva e em uma ênfase na qualidade da relação profissional-pessoa."""
1cadernos_de_atencao_basica_no_19_envelhecimento_e_saude_da_pessoa_idosapdf.txt|Quais profissionais estão envolvidos no desenvolvimento de instrumentos para avaliar a funcionalidade das famílias?|"""Com o objetivo de dimensionar a funcionalidade das famílias, alguns profissionais vêm desenvolvendo instrumentos com a proposta de avaliar a dinâmica de funcionamento de uma família..."""
1cadernos_de_atencao_basica_no_19_envelhecimento_e_saude_da_pessoa_idosapdf.txt|Qual é a importância de avaliar o estresse entre os cuidadores?|"""É importante avaliar a presença de estresse entre os cuidadores. Isso pode ser um fator de risco da ocorrência de situações de violência contra os idosos ou de adoecimento do próprio cuidador."""
1cadernos_de_atencao_basica_no_19_envelhecimento_e_saude_da_pessoa_idosapdf.txt|O que caracteriza a violência intrafamiliar?|"""A violência intrafamiliar é toda ação ou omissão que prejudique o bem-estar, a integridade física, psicológica ou a liberdade e o direito ao pleno desenvolvimento de outro membro da família."""
1cadernos_de_atencao_basica_no_19_envelhecimento_e_saude_da_pessoa_idosapdf.txt|O que é auto-negligência no contexto da violência contra os idosos?|"""Auto-negligência é a violência da pessoa idosa contra si mesma (conduta) ameaçando sua própria saúde ou segurança."""
1cadernos_de_atencao_basica_no_19_envelhecimento_e_saude_da_pessoa_idosapdf.txt|O que caracteriza a fragilidade na velhice, segundo o texto?|"""Fragilidade constitui-se em uma síndrome multidimensional envolvendo uma interação complexa dos fatores biológicos, psicológicos e sociais no curso de vida individual..."""
1cadernos_de_atencao_basica_no_19_envelhecimento_e_saude_da_pessoa_idosapdf.txt|Quais fatores de risco são destacados para a osteoporose?|"""Os fatores de risco para osteoporose e fraturas ósseas podem ser divididos em maiores e menores."""
1cadernos_de_atencao_basica_no_23_saude_da_crianca_aleitamento_materno_e_alimentacao_complementarpdf.txt|Quais vasilhames podem ser usados para ordenhar os seios simultaneamente?|"""Podem ser ordenhados os dois seios simultaneamente em um único vasilhame de boca larga ou em dois vasilhames separados, colocados um embaixo de cada mama."""
1cadernos_de_atencao_basica_no_23_saude_da_crianca_aleitamento_materno_e_alimentacao_complementarpdf.txt|O que pode causar a interrupção da amamentação se não forem identificados e tratados precocemente?|"""Alguns problemas enfrentados pelas nutrizes durante o aleitamento materno, se não forem precocemente identificados e tratados, podem ser importantes causas de interrupção da amamentação."""
1cadernos_de_atencao_basica_no_23_saude_da_crianca_aleitamento_materno_e_alimentacao_complementarpdf.txt|O que é necessário para que a descida do leite ocorra em algumas mulheres após o parto?|"""Em algumas mulheres a 'descida do leite' ou apojadura só ocorre alguns dias após o parto."""
1cadernos_de_atencao_basica_no_23_saude_da_crianca_aleitamento_materno_e_alimentacao_complementarpdf.txt|O que consiste o ingurgitamento mamário e quais os componentes básicos dessa condição?|"""No ingurgitamento mamário, há três componentes básicos: (1) congestão/aumento da vascularização da mama; (2) retenção de leite nos alvéolos; e (3) edema decorrente da congestão e obstrução da drenagem do sistema linfático."""
1cadernos_de_atencao_basica_no_23_saude_da_crianca_aleitamento_materno_e_alimentacao_complementarpdf.txt|Quais são algumas das recomendações para prevenir lesões mamilares durante a amamentação?|"""Amamentação com técnica adequada (posicionamento e pega adequados); Cuidados para que os mamilos se mantenham secos, expondo-os ao ar livre ou à luz solar e trocas frequentes dos forros utilizados quando há vazamento de leite."""
1cadernos_de_atencao_basica_no_23_saude_da_crianca_aleitamento_materno_e_alimentacao_complementarpdf.txt|Quais são as condições em que o aleitamento materno não deve ser recomendado?|"""Nas seguintes situações o aleitamento materno não deve ser recomendado: Mães infectadas pelo HIV; Mães infectadas pelo HTLV1 e HTLV2; Uso de medicamentos incompatíveis com a amamentação..."""
1cadernos_de_atencao_basica_no_40_estrategias_para_o_cuidado_da_pessoa_com_doenca_cronica_o_cuidado_da_pessoa_tabagistapdf.txt|O que a Ciap-2R classifica no contexto da saúde?|"""Os transtornos relacionados ao tabaco são classificados pela Ciap-2R com o código P17 (Abuso de Tabaco), pertencendo assim ao Capítulo P (Psicológico)."""
1cadernos_de_atencao_basica_no_40_estrategias_para_o_cuidado_da_pessoa_com_doenca_cronica_o_cuidado_da_pessoa_tabagistapdf.txt|O que a equipe de saúde deve orientar os usuários que não desejam cessar o tabagismo?|"""É essencial que o profissional de saúde oriente eles acerca: (a) dos malefícios do tabagismo; (b) dos tipos de tratamento disponíveis para a cessação do tabagismo; e (c) da disponibilidade de tratamento na Unidade Básica e dos fluxos que os usuários devem seguir para iniciá-lo."""
1cadernos_de_atencao_basica_no_40_estrategias_para_o_cuidado_da_pessoa_com_doenca_cronica_o_cuidado_da_pessoa_tabagistapdf.txt|Quais são os fatores principais que podem ser agrupados nas razões para fumar?|"""As razões para fumar são agrupadas em nove fatores principais, sendo eles: dependência, prazer de fumar, redução da tensão, estimulação, automatismo, manuseio, tabagismo social, controle de peso e associação estreita."""
1cadernos_de_atencao_basica_no_40_estrategias_para_o_cuidado_da_pessoa_com_doenca_cronica_o_cuidado_da_pessoa_tabagistapdf.txt|Qual a importância do acolhimento e empatia no tratamento para cessação do tabagismo?|"""Acolhimento e empatia – Importante entender que a relação do usuário com o tabagismo, muitas vezes, é permeada por um sentimento de ambivalência."""
1cadernos_de_atencao_basica_no_40_estrategias_para_o_cuidado_da_pessoa_com_doenca_cronica_o_cuidado_da_pessoa_tabagistapdf.txt|O que a abordagem mínima de cessação do tabagismo envolve?|"""A abordagem mínima é definida como o contato profissional-usuário inferior a 3 minutos para cada encontro."""
1cadernos_de_atencao_basica_no_40_estrategias_para_o_cuidado_da_pessoa_com_doenca_cronica_o_cuidado_da_pessoa_tabagistapdf.txt|Como os medicamentos devem ser escolhidos para os fumantes em tratamento?|"""A escolha inicial do tratamento deve basear-se no perfil e nas preferências do paciente, tentativas prévias de cessação, na experiência do profissional que acompanha e também na disponibilidade dos medicamentos."""
0cadernos_de_atencao_basica_no_23_saude_da_crianca_aleitamento_materno_e_alimentacao_complementarpdf.txt|Qual a relação entre o aleitamento materno e a proteção contra mortes infantis?|"""Estima-se que o aleitamento materno poderia evitar 13% das mortes em crianças menores de 5 anos em todo o mundo, por causas preveníveis."""
0cadernos_de_atencao_basica_no_23_saude_da_crianca_aleitamento_materno_e_alimentacao_complementarpdf.txt|De que forma o leite materno contribui para a proteção contra infecções?|"""Graças aos inúmeros fatores existentes no leite materno que protegem contra infecções, ocorrem menos mortes entre as crianças amamentadas."""
0cadernos_de_atencao_basica_no_23_saude_da_crianca_aleitamento_materno_e_alimentacao_complementarpdf.txt|Por que o suporte emocional é importante para o sucesso do aleitamento materno?|"""As mães que estão amamentando querem suporte ativo (inclusive emocional), bem como informações precisas, para se sentirem confiantes."""
0cadernos_de_atencao_basica_no_23_saude_da_crianca_aleitamento_materno_e_alimentacao_complementarpdf.txt|Quais são as recomendações sobre o uso de mamadeiras durante a amamentação?|"""A mamadeira, além de ser uma importante fonte de contaminação, pode influenciar negativamente a amamentação."""
0cadernos_de_atencao_basica_no_23_saude_da_crianca_aleitamento_materno_e_alimentacao_complementarpdf.txt|O que é a lactogênese e quais são suas fases?|"""A lactogênese fase I ocorre na gravidez, e a fase II se inicia após o nascimento da criança."""
0cadernos_de_atencao_basica_no_23_saude_da_crianca_aleitamento_materno_e_alimentacao_complementarpdf.txt|Como o profissional de saúde pode promover a amamentação na prática pré-natal?|"""O acompanhamento pré-natal é uma excelente oportunidade para motivar as mulheres a amamentarem."""
2cadernos_de_atencao_basica_no_20_carencias_de_micronutrientespdf.txt|Como a anemia pode ser diagnosticada?|"""A anemia pode ser diagnosticada com a dosagem de hemoglobina sérica em laboratório e, por meio de métodos mais simples feitos com o HemoCue..."""
2cadernos_de_atencao_basica_no_20_carencias_de_micronutrientespdf.txt|Por que os sinais e sintomas apresentados no exame físico da anemia têm baixa precisão?|"""Entretanto, esses sinais e sintomas apresentam baixa precisão ao serem usados como método inicial e exclusivo para identificação da anemia..."""
2cadernos_de_atencao_basica_no_20_carencias_de_micronutrientespdf.txt|O que a OMS recomenda quanto à suplementação de ferro para gestantes?|"""A Organização Mundial da Saúde preconiza a suplementação de apenas uma dose diária de 60 mg..."""
2cadernos_de_atencao_basica_no_20_carencias_de_micronutrientespdf.txt|O que é fortificação de alimentos e qual sua vantagem?|"""Historicamente, a fortificação de alimentos pela adição de nutrientes tem sido usada por muitos países como medida de saúde pública..."""
2cadernos_de_atencao_basica_no_20_carencias_de_micronutrientespdf.txt|O que é o Programa Nacional de Suplementação de Ferro?|"""Além da fortificação das farinhas de trigo e de milho e das ações educativas, o Ministério da Saúde desenvolve o Programa Nacional de Suplementação de Ferro."""
2cadernos_de_atencao_basica_no_20_carencias_de_micronutrientespdf.txt|Quais são os efeitos da deficiência de iodo na saúde da população?|"""Os problemas decorrentes da baixa ingestão de iodo são conhecidos como distúrbios por deficiência de iodo (DDI)."""
2cadernos_de_atencao_basica_no_13_canceres_do_colo_do_utero_e_da_mamapdf.txt|Quais alterações citológicas foram agrupadas sob a denominação de lesão intraepitelial escamosa de alto grau (HSIL)?|"""As alterações citológicas previamente denominadas por Richart (1973) de neoplasias intraepiteliais cervicais grau 2 e 3 (NIC2 e NIC3) foram agrupadas sob a alcunha de lesão intraepitelial escamosa de alto grau (High-Grade Squamous Intraepithelial Lesion – HSIL)."""
2cadernos_de_atencao_basica_no_13_canceres_do_colo_do_utero_e_da_mamapdf.txt|O que caracteriza a inflamação sem identificação de agente no exame citopatológico?|"""Caracterizada pela presença de alterações celulares epiteliais, geralmente determinadas pela ação de agentes físicos, os quais podem ser radioativos, mecânicos ou térmicos e químicos, como medicamentos abrasivos ou cáusticos."""
2cadernos_de_atencao_basica_no_13_canceres_do_colo_do_utero_e_da_mamapdf.txt|O que caracteriza o resultado anormal das atipias em células escamosas?|"""Atipias em células escamosas Lesão intraepitelial de baixo grau Menor Repetição da citologia em seis meses Lesão intraepitelial de alto grau Maior Encaminhamento para colposcopia."""
2cadernos_de_atencao_basica_no_13_canceres_do_colo_do_utero_e_da_mamapdf.txt|O que caracteriza o câncer de mama?|"""O câncer de mama, assim como outras neoplasias malignas, resulta de uma proliferação incontrolável de células anormais..."""
2cadernos_de_atencao_basica_no_13_canceres_do_colo_do_utero_e_da_mamapdf.txt|Quais são alguns fatores de risco para o câncer de mama?|"""Os principais fatores de risco conhecidos para o câncer de mama estão ligados à idade, aos fatores genéticos e aos endócrinos."""
2cadernos_de_atencao_basica_no_13_canceres_do_colo_do_utero_e_da_mamapdf.txt|O que é recomendado para mulheres de 50 a 69 anos em relação ao rastreamento do câncer de mama?|"""A recomendação para as mulheres de 50 a 69 anos é a realização de mamografia a cada dois anos e do exame clínico das mamas anual."""
1cadernos_de_atencao_basica_no_38_estrategias_para_cuidado_da_pessoa_com_doenca_obesidadepdf.txt|Qual é o peso ou porcentagem de peso perdido que indica que uma pessoa idosa deve ser avaliada em relação à estabilização ou recuperação do peso?|"""Uma perda de peso não intencional de, no mínimo, 4,5 kg ou de 5% do peso corporal no último ano é indicativo que exige medidas para estabilizar e/ou recuperar seu peso corporal..."""
1cadernos_de_atencao_basica_no_38_estrategias_para_cuidado_da_pessoa_com_doenca_obesidadepdf.txt|Quais modificações fisiológicas ocorrem com o envelhecimento e podem impactar a alimentação?|"""Com o aumento da idade, ocorrem modificações na composição corporal como a diminuição de água corporal, massa óssea, massa muscular..."""
1cadernos_de_atencao_basica_no_38_estrategias_para_cuidado_da_pessoa_com_doenca_obesidadepdf.txt|Quais alimentos devem ser evitados na alimentação do idoso?|"""Evitar: • O consumo de sal, açúcar, doces, alimentos gordurosos, alimentos e temperos industrializados."""
1cadernos_de_atencao_basica_no_38_estrategias_para_cuidado_da_pessoa_com_doenca_obesidadepdf.txt|Qual é a definição de IMC e como ele é utilizado no contexto das gestantes?|"""O cálculo do IMC por semana gestacional proporciona o diagnóstico nutricional da mulher em qualquer momento da gestação..."""
1cadernos_de_atencao_basica_no_38_estrategias_para_cuidado_da_pessoa_com_doenca_obesidadepdf.txt|Quais recomendações devem ser seguidas em relação ao aumento do consumo de fibras na dieta?|"""Manter alimentação rica em frutas, legumes e verduras (FLV) pode reduzir o risco de acidentes cerebrovasculares..."""
1cadernos_de_atencao_basica_no_38_estrategias_para_cuidado_da_pessoa_com_doenca_obesidadepdf.txt|Quais os riscos associados à obesidade durante a gestação?|"""A obesidade no período gravídico é um grande desafio para os profissionais de Saúde."""
0cadernos_de_atencao_basica_no_32_atencao_ao_pre_natal_de_baixo_riscopdf.txt|O que representa a Rede Cegonha?|"""A Rede Cegonha representa um conjunto de iniciativas que envolvem mudanças: (i) no processo de cuidado à gravidez, ao parto e ao nascimento..."""
0cadernos_de_atencao_basica_no_32_atencao_ao_pre_natal_de_baixo_riscopdf.txt|O que é avaliação pré-concepcional?|"""Entende-se por avaliação pré-concepcional a consulta que o casal faz antes de uma gravidez, objetivando identificar fatores de risco ou doenças que possam alterar a evolução normal de uma futura gestação."""
0cadernos_de_atencao_basica_no_32_atencao_ao_pre_natal_de_baixo_riscopdf.txt|Que tipo de assistência deve ser oferecida a gestantes com condições especiais?|"""A atenção básica deve ser entendida como porta de entrada da Rede de Atenção à Saúde, como ordenadora do sistema de saúde brasileiro."""
0cadernos_de_atencao_basica_no_32_atencao_ao_pre_natal_de_baixo_riscopdf.txt|Quais as condutas recomendadas para o acompanhamento das gestantes adolescentes?|"""É de extrema importância o registro do estado nutricional tanto no prontuário quanto no Cartão da Gestante."""
0cadernos_de_atencao_basica_no_32_atencao_ao_pre_natal_de_baixo_riscopdf.txt|O que é necessário quando a gestante chega ao 41º mês de gestação?|"""Quando o parto não ocorre até a 41º semana, é necessário encaminhar a gestante para a avaliação do bem-estar fetal..."""
0cadernos_de_atencao_basica_no_32_atencao_ao_pre_natal_de_baixo_riscopdf.txt|Para que serve o Cartão da Gestante?|"""É importante que a gestante seja orientada e incentivada a: ... Informações sobre alimentação, hábito intestinal e urinário..."""
3cadernos_de_atencao_basica_no_23_saude_da_crianca_aleitamento_materno_e_alimentacao_complementarpdf.txt|Qual é a biodisponibilidade do ferro presente no leite materno em comparação com o leite de vaca?|"""meses de vida da criança previne anemia, apesar da sua baixa quantidade de ferro, pois a biodisponibilidade permite a absorção de 50% do ferro presente, enquanto a absorção do ferro do leite de vaca, que possui quantidades semelhantes, é de 10%."""
3cadernos_de_atencao_basica_no_23_saude_da_crianca_aleitamento_materno_e_alimentacao_complementarpdf.txt|O que deve ser feito com crianças não amamentadas em relação à ingestão de leite?|"""Deve ser reforçada a recomendação da ingestão máxima de 500ml de leite por dia, caso a criança não seja amamentada."""
3cadernos_de_atencao_basica_no_23_saude_da_crianca_aleitamento_materno_e_alimentacao_complementarpdf.txt|Quais são os objetivos da Estratégia de fortificação da alimentação infantil com micronutrientes em pó - NutriSUS?|"""O NutriSUS consiste na adição direta de nutrientes em pó (vitaminas e minerais) na alimentação que as crianças de 6 a 48 meses de idade irão consumir em uma de suas refeições diárias."""
3cadernos_de_atencao_basica_no_23_saude_da_crianca_aleitamento_materno_e_alimentacao_complementarpdf.txt|Qual a recomendação de megadoses de vitamina A para crianças de 12 a 59 meses?|"""Mega dose de Vitamina A de 200.000 UI para crianças de 12 a 59 meses: 1 dose a cada 6 meses."""
3cadernos_de_atencao_basica_no_23_saude_da_crianca_aleitamento_materno_e_alimentacao_complementarpdf.txt|Quais os dois principais tipos de ferro e onde são encontrados?|"""O ferro apresenta-se nos alimentos sob duas formas: heme e não heme."""
3cadernos_de_atencao_basica_no_23_saude_da_crianca_aleitamento_materno_e_alimentacao_complementarpdf.txt|Quais os principais alimentos com ferro não heme?|"""O ferro não heme, contido no ovo, cereais, leguminosas (ex. feijão) e hortaliças (ex. beterraba)."""
3cadernos_de_atencao_basica_no_13_canceres_do_colo_do_utero_e_da_mamapdf.txt|Qual a recomendação do Consenso Brasileiro para o Controle do Câncer de Mama em relação ao ECM (Exame Clínico das Mamas)?|"""Embora o Consenso Brasileiro para o Controle do Câncer de Mama recomende o ECM como método de rastreamento, não existem ainda evidências científicas suficientes para determinar a efetividade e o balanço entre riscos e benefícios dessa prática..."""
3cadernos_de_atencao_basica_no_13_canceres_do_colo_do_utero_e_da_mamapdf.txt|Qual era o entendimento na literatura científica sobre o termo autoexame nas mamas?|"""Na literatura científica, o termo autoexame não se refere genericamente a qualquer exame realizado pela própria mulher. Esse termo está associado especificamente ao método de rastreamento..."""
3cadernos_de_atencao_basica_no_13_canceres_do_colo_do_utero_e_da_mamapdf.txt|Qual é a proporção de cânceres inicialmente identificados como massa palpável em países com rastreamento mamográfico?|"""Mesmo nos países com rastreamento mamográfico e boa cobertura, mais de 40% dos cânceres são identificados inicialmente como massa palpável..."""
3cadernos_de_atencao_basica_no_13_canceres_do_colo_do_utero_e_da_mamapdf.txt|Qual a finalidade da inspeção estática durante o ECM?|"""A inspeção estática tem o objetivo de identificar visualmente sinais sugestivos de câncer..."""
3cadernos_de_atencao_basica_no_13_canceres_do_colo_do_utero_e_da_mamapdf.txt|Quais métodos de imagem são indicados para o rastreamento do câncer de mama?|"""...os métodos diagnósticos que podem ser utilizados são a mamografia, a ultrassonografia e a ressonância magnética."""
3cadernos_de_atencao_basica_no_13_canceres_do_colo_do_utero_e_da_mamapdf.txt|Quais são as principais indicações da ultrassonografia como método diagnóstico?|"""As principais indicações da ultrassonografia como método diagnóstico são: Diagnóstico diferencial entre lesão sólida e lesão cística..."""
1cadernos_de_atencao_basica_no_36_estrategias_para_o_cuidado_da_pessoa_com_doenca_cronica_diabetes_mellituspdf.txt|Como o controle glicêmico pode ser monitorado em pacientes com diabetes?|"""O controle glicêmico pode ser monitorado por glicemias de jejum, pré-prandial (antes das refeições), pós-prandial (após as refeições) e pela hemoglobina glicada (HbA1c)."""
1cadernos_de_atencao_basica_no_36_estrategias_para_o_cuidado_da_pessoa_com_doenca_cronica_diabetes_mellituspdf.txt|Como o controle glicêmico intensivo pode afetar as complicações em indivíduos com diabetes tipo 2?|"""O controle glicêmico intensivo pode prevenir o desenvolvimento e a progressão de complicações microvasculares especialmente se associado ao controle pressórico intensivo."""
1cadernos_de_atencao_basica_no_36_estrategias_para_o_cuidado_da_pessoa_com_doenca_cronica_diabetes_mellituspdf.txt|Quais são os principais sintomas da cetoacidose diabética?|"""Os principais sintomas são: polidipsia, poliúria, enurese, hálito cetônico, fadiga, visão turva, náuseas e dor abdominal, além de vômitos, desidratação, hiperventilação e alterações do estado mental."""
1cadernos_de_atencao_basica_no_36_estrategias_para_o_cuidado_da_pessoa_com_doenca_cronica_diabetes_mellituspdf.txt|Quais os períodos indicativos para realizar a HbA1c após o início do tratamento?|"""A HbA1c deve ser medida no início do tratamento e a cada três meses, podendo ser realizada duas vezes ao ano para aqueles com bom controle metabólico."""
1cadernos_de_atencao_basica_no_36_estrategias_para_o_cuidado_da_pessoa_com_doenca_cronica_diabetes_mellituspdf.txt|Que relação há entre o diabetes mellitus e doenças cardiovasculares?|"""O DM é considerado causa de cegueira, insuficiência renal e amputações de membros, sendo responsável por gastos expressivos em saúde, além de substancial redução da capacidade de trabalho e da expectativa de vida."""
1cadernos_de_atencao_basica_no_36_estrategias_para_o_cuidado_da_pessoa_com_doenca_cronica_diabetes_mellituspdf.txt|Qual é a classificação das complicações do diabetes?|"""As complicações do DM podem ser classificadas em complicações agudas (hipoglicemia, cetoacidose e coma hiperosmolar) e crônicas, como a retinopatia, a nefropatia, e a neuropatia diabéticas."""
0cadernos_de_atencao_basica_no_36_estrategias_para_o_cuidado_da_pessoa_com_doenca_cronica_diabetes_mellituspdf.txt|Quais são as condições frequentemente associadas ao diabetes mellitus?|"""O DM vem aumentando sua importância pela sua crescente prevalência e habitualmente está associado à dislipidemia, à hipertensão arterial e à disfunção endotelial."""
0cadernos_de_atencao_basica_no_36_estrategias_para_o_cuidado_da_pessoa_com_doenca_cronica_diabetes_mellituspdf.txt|Qual estudo destaca a falta de conhecimento sobre o diabetes mellitus na população?|"""Das pessoas com DM, 46,5% desconheciam o fato de serem portadores desta doença."""
0cadernos_de_atencao_basica_no_36_estrategias_para_o_cuidado_da_pessoa_com_doenca_cronica_diabetes_mellituspdf.txt|Quais fatores de risco cardiovasculares foram identificados em um estudo realizado em Cuiabá/MT?|"""Os principais fatores de risco cardiovasculares identificados foram: sobrepeso, sedentarismo e antecedentes familiares cardiovasculares."""
0cadernos_de_atencao_basica_no_36_estrategias_para_o_cuidado_da_pessoa_com_doenca_cronica_diabetes_mellituspdf.txt|Que papel desempenha o Sistema GRADE na avaliação da qualidade da evidência?|"""Esse sistema oferece a vantagem de separar a avaliação da qualidade da evidência da avaliação da força da recomendação."""
0cadernos_de_atencao_basica_no_36_estrategias_para_o_cuidado_da_pessoa_com_doenca_cronica_diabetes_mellituspdf.txt|O que é considerado um diagnóstico de diabetes mellitus em relação à glicemia de jejum?|"""Diabetes mellitus ≥126 mg/dL."""
0cadernos_de_atencao_basica_no_36_estrategias_para_o_cuidado_da_pessoa_com_doenca_cronica_diabetes_mellituspdf.txt|Quais exames são considerados de rotina mínima para uma pessoa com DM?|"""Glicemia de jejum e HbA1C, colesterol total (CT), HDL e triglicerídeos (TG), creatinina sérica, e exame de urina tipo 1."""
0cadernos_de_atencao_basica_no_20_carencias_de_micronutrientespdf.txt|Quais são os principais problemas de saúde relacionados à deficiência de vitamina A?|"""A deficiência de vitamina A pode levar à cegueira, carência esta que afeta milhões de crianças no mundo."""
0cadernos_de_atencao_basica_no_20_carencias_de_micronutrientespdf.txt|Quais são algumas das principais estratégias do Ministério da Saúde para reduzir deficiências de micronutrientes?|"""As ações do Ministério da Saúde que objetivam reduzir as deficiências de micronutrientes na população brasileira estão apoiadas também na suplementação com megadoses de vitamina A..."""
